{"count":1,"self":1304.0697344,"total":2467.1222832,"children":{"InitializeActuators":{"count":18,"self":0.0014992999999999999,"total":0.0014992999999999999,"children":null},"InitializeSensors":{"count":18,"self":0.0009999,"total":0.0009999,"children":null},"AgentSendState":{"count":644834,"self":16.100072,"total":57.957892199999996,"children":{"CollectObservations":{"count":2321748,"self":4.6704552,"total":4.6704552999999995,"children":null},"WriteActionMask":{"count":2321748,"self":3.4931636,"total":3.4931634999999996,"children":null},"RequestDecision":{"count":2321748,"self":12.7579304,"total":33.6942009,"children":{"AgentInfo.ToProto":{"count":2321748,"self":9.7495832,"total":20.9362706,"children":{"GenerateSensorData":{"count":2321748,"self":11.186688,"total":11.186687599999999,"children":null}}}}}}},"DecideAction":{"count":644834,"self":1088.5402623999998,"total":1088.5402815,"children":null},"AgentAct":{"count":644834,"self":16.248552,"total":16.3544964,"children":{"AgentInfo.ToProto":{"count":9955,"self":0.0564627,"total":0.1059451,"children":{"GenerateSensorData":{"count":9955,"self":0.049482399999999996,"total":0.049482399999999996,"children":null}}}}},"AgentInfo.ToProto":{"count":10622,"self":0.0994944,"total":0.1969147,"children":{"GenerateSensorData":{"count":10622,"self":0.0974203,"total":0.0974203,"children":null}}}},"gauges":{"HitPuck.CumulativeReward":{"count":20577,"max":56200.55,"min":-20005.1563,"runningAverage":11388.0791,"value":9999.278,"weightedAverage":10996.5488}},"metadata":{"timer_format_version":"0.1.0","start_time_seconds":"1652129224","unity_version":"2021.2.7f1","command_line_arguments":"D:\\Tools\\Unity\\Hub\\Editor\\2021.2.7f1\\Editor\\Unity.exe -projectpath D:\\Projects\\Unity\\SkynetProject -useHub -hubIPC -cloudEnvironment production -licensingIpc LicenseClient-Yazn -hubSessionId 4226c4f0-cfb5-11ec-9472-b97e5fb1a8f7 -accessToken pL9m8xAlLEVaqlV_KqlpLMGWSZWY7vZheOJ_g_wrfMs001f","communication_protocol_version":"1.5.0","com.unity.ml-agents_version":"2.0.1","scene_name":"Bare","end_time_seconds":"1652131692"}}