{
    "name": "root",
    "gauges": {
        "HitPuck.Policy.Entropy.mean": {
            "value": 0.5751509070396423,
            "min": 0.5751509070396423,
            "max": 0.7445729970932007,
            "count": 10
        },
        "HitPuck.Policy.Entropy.sum": {
            "value": 28987.60546875,
            "min": 28987.60546875,
            "max": 37419.26171875,
            "count": 10
        },
        "HitPuck.Environment.EpisodeLength.mean": {
            "value": 156.3644859813084,
            "min": 114.63235294117646,
            "max": 156.3644859813084,
            "count": 10
        },
        "HitPuck.Environment.EpisodeLength.sum": {
            "value": 50193.0,
            "min": 46414.0,
            "max": 50193.0,
            "count": 10
        },
        "HitPuck.Self-play.ELO.mean": {
            "value": 1201.4019278317473,
            "min": 1200.1003613616824,
            "max": 1201.4019278317473,
            "count": 10
        },
        "HitPuck.Self-play.ELO.sum": {
            "value": 114133.183144016,
            "min": 114133.183144016,
            "max": 240020.0722723365,
            "count": 10
        },
        "HitPuck.Step.mean": {
            "value": 499973.0,
            "min": 49994.0,
            "max": 499973.0,
            "count": 10
        },
        "HitPuck.Step.sum": {
            "value": 499973.0,
            "min": 49994.0,
            "max": 499973.0,
            "count": 10
        },
        "HitPuck.Policy.ExtrinsicValueEstimate.mean": {
            "value": -2792.034423828125,
            "min": -5537.953125,
            "max": -2792.034423828125,
            "count": 10
        },
        "HitPuck.Policy.ExtrinsicValueEstimate.sum": {
            "value": -2886963.5,
            "min": -6052983.0,
            "max": -2886963.5,
            "count": 10
        },
        "HitPuck.Environment.CumulativeReward.mean": {
            "value": -3159.4315890252033,
            "min": -4881.5668117145215,
            "max": -2127.955538914144,
            "count": 10
        },
        "HitPuck.Environment.CumulativeReward.sum": {
            "value": -1014177.5400770903,
            "min": -2001442.3928029537,
            "max": -768191.949548006,
            "count": 10
        },
        "HitPuck.Policy.ExtrinsicReward.mean": {
            "value": -3159.4315890252033,
            "min": -4881.5668117145215,
            "max": -2127.955538914144,
            "count": 10
        },
        "HitPuck.Policy.ExtrinsicReward.sum": {
            "value": -1014177.5400770903,
            "min": -2001442.3928029537,
            "max": -768191.949548006,
            "count": 10
        },
        "HitPuck.Losses.PolicyLoss.mean": {
            "value": 0.023381593773762387,
            "min": 0.02170835273495565,
            "max": 0.02526060921450456,
            "count": 10
        },
        "HitPuck.Losses.PolicyLoss.sum": {
            "value": 0.11690796886881193,
            "min": 0.09120280033287903,
            "max": 0.1263030460725228,
            "count": 10
        },
        "HitPuck.Losses.ValueLoss.mean": {
            "value": 1671932.4916666667,
            "min": 1671932.4916666667,
            "max": 5294924.679166667,
            "count": 10
        },
        "HitPuck.Losses.ValueLoss.sum": {
            "value": 8359662.458333333,
            "min": 6939718.0875,
            "max": 24729729.208333336,
            "count": 10
        },
        "HitPuck.Policy.LearningRate.mean": {
            "value": 1.5428854857080003e-05,
            "min": 1.5428854857080003e-05,
            "max": 0.0002839038053654,
            "count": 10
        },
        "HitPuck.Policy.LearningRate.sum": {
            "value": 7.714427428540001e-05,
            "min": 7.714427428540001e-05,
            "max": 0.0012737322754226,
            "count": 10
        },
        "HitPuck.Policy.Epsilon.mean": {
            "value": 0.10514292,
            "min": 0.10514292,
            "max": 0.1946346,
            "count": 10
        },
        "HitPuck.Policy.Epsilon.sum": {
            "value": 0.5257146,
            "min": 0.4594378,
            "max": 0.9245774000000001,
            "count": 10
        },
        "HitPuck.Policy.Beta.mean": {
            "value": 0.0002666317080000001,
            "min": 0.0002666317080000001,
            "max": 0.0047322665399999984,
            "count": 10
        },
        "HitPuck.Policy.Beta.sum": {
            "value": 0.0013331585400000003,
            "min": 0.0013331585400000003,
            "max": 0.021236412259999997,
            "count": 10
        },
        "HitPuck.IsTraining.mean": {
            "value": 1.0,
            "min": 1.0,
            "max": 1.0,
            "count": 10
        },
        "HitPuck.IsTraining.sum": {
            "value": 1.0,
            "min": 1.0,
            "max": 1.0,
            "count": 10
        }
    },
    "metadata": {
        "timer_format_version": "0.1.0",
        "start_time_seconds": "1652070702",
        "python_version": "3.9.1 (tags/v3.9.1:1e5d33e, Dec  7 2020, 17:08:21) [MSC v.1927 64 bit (AMD64)]",
        "command_line_arguments": "D:\\Projects\\Unity\\SkynetProject\\venv\\Scripts\\mlagents-learn config.yaml --run-id=NewTest1 --initialize-from=NewTest",
        "mlagents_version": "0.29.0",
        "mlagents_envs_version": "0.29.0",
        "communication_protocol_version": "1.5.0",
        "pytorch_version": "1.7.1+cu110",
        "numpy_version": "1.21.2",
        "end_time_seconds": "1652071151"
    },
    "total": 449.85085269999996,
    "count": 1,
    "self": 0.004280399999970541,
    "children": {
        "run_training.setup": {
            "total": 0.07425769999999998,
            "count": 1,
            "self": 0.07425769999999998
        },
        "TrainerController.start_learning": {
            "total": 449.7723146,
            "count": 1,
            "self": 0.39032429999929263,
            "children": {
                "TrainerController._reset_env": {
                    "total": 6.075925399999958,
                    "count": 5,
                    "self": 6.075925399999958
                },
                "TrainerController.advance": {
                    "total": 443.27294380000075,
                    "count": 29023,
                    "self": 0.3401868999955582,
                    "children": {
                        "env_step": {
                            "total": 357.3356372000043,
                            "count": 29023,
                            "self": 291.0051727000045,
                            "children": {
                                "SubprocessEnvManager._take_step": {
                                    "total": 66.09769210000054,
                                    "count": 29023,
                                    "self": 1.04695219999941,
                                    "children": {
                                        "TorchPolicy.evaluate": {
                                            "total": 65.05073990000113,
                                            "count": 27832,
                                            "self": 32.742804900003314,
                                            "children": {
                                                "TorchPolicy.sample_actions": {
                                                    "total": 32.30793499999782,
                                                    "count": 27832,
                                                    "self": 32.30793499999782
                                                }
                                            }
                                        }
                                    }
                                },
                                "workers": {
                                    "total": 0.23277239999928856,
                                    "count": 29023,
                                    "self": 0.0,